Suite/Test/Step Name,Browser,Description,Tag,Start time,End time,Duration,Status
Products_TestSuite,,,,2022-10-18 22:27:49,2022-10-18 22:27:57,7.962s,PASSED
,,,,,,,
Test Cases/Products/Product_DeleteAProduct,,,,2022-10-18 22:27:49,2022-10-18 22:27:53,3.479s,PASSED
"response = sendRequest(findTestObject(""Products/Product_DeleteAProduct""))",,,,2022-10-18 22:27:50,2022-10-18 22:27:53,2.880s,PASSED
"verifyResponseStatusCode(response, statusCode200)",,,,2022-10-18 22:27:53,2022-10-18 22:27:53,0.181s,PASSED
,,,,,,,
Test Cases/Products/Product_GetAllProduct,,,,2022-10-18 22:27:53,2022-10-18 22:27:54,1.239s,PASSED
"response = sendRequest(findTestObject(""Products/Product_GetAllProduct""))",,,,2022-10-18 22:27:53,2022-10-18 22:27:54,0.972s,PASSED
"verifyResponseStatusCode(response, statusCode200)",,,,2022-10-18 22:27:54,2022-10-18 22:27:54,0.005s,PASSED
,,,,,,,
Test Cases/Products/Product_GetASingleProduct,,,,2022-10-18 22:27:54,2022-10-18 22:27:55,0.977s,PASSED
"response = sendRequest(findTestObject(""Products/Product_GetASingleProduct""))",,,,2022-10-18 22:27:55,2022-10-18 22:27:55,0.676s,PASSED
"verifyResponseStatusCode(response, statusCode200)",,,,2022-10-18 22:27:55,2022-10-18 22:27:55,0.005s,PASSED
,,,,,,,
Test Cases/Products/Product_SortResults,,,,2022-10-18 22:27:55,2022-10-18 22:27:56,0.932s,PASSED
"response = sendRequest(findTestObject(""Products/Product_SortResults""))",,,,2022-10-18 22:27:55,2022-10-18 22:27:56,0.663s,PASSED
"verifyResponseStatusCode(response, statusCode200)",,,,2022-10-18 22:27:56,2022-10-18 22:27:56,0.006s,PASSED
,,,,,,,
Test Cases/Products/Product_UpdateAProduct,,,,2022-10-18 22:27:56,2022-10-18 22:27:57,0.995s,PASSED
"response = sendRequest(findTestObject(""Products/Product_UpdateAProduct""))",,,,2022-10-18 22:27:56,2022-10-18 22:27:57,0.706s,PASSED
"verifyResponseStatusCode(response, statusCode200)",,,,2022-10-18 22:27:57,2022-10-18 22:27:57,0.006s,PASSED
