Suite/Test/Step Name,Browser,Description,Tag,Start time,End time,Duration,Status
Cart_TestSuite,,,,2022-10-18 23:45:34,2022-10-18 23:45:48,14.023s,PASSED
,,,,,,,
Test Cases/Cart/Cart_DeleteACart,,,,2022-10-18 23:45:34,2022-10-18 23:45:41,6.260s,PASSED
"response = sendRequest(findTestObject(""Cart/Cart_UpdateACart""))",,,,2022-10-18 23:45:35,2022-10-18 23:45:40,4.942s,PASSED
"verifyResponseStatusCode(response, statusCode200)",,,,2022-10-18 23:45:40,2022-10-18 23:45:41,0.400s,PASSED
,,,,,,,
Test Cases/Cart/Cart_GetAllCarts,,,,2022-10-18 23:45:41,2022-10-18 23:45:43,1.915s,PASSED
"response = sendRequest(findTestObject(""Cart/Cart_GetAllCarts""))",,,,2022-10-18 23:45:41,2022-10-18 23:45:42,1.269s,PASSED
"verifyResponseStatusCode(response, statusCode200)",,,,2022-10-18 23:45:42,2022-10-18 23:45:43,0.024s,PASSED
,,,,,,,
Test Cases/Cart/Cart_GetASingleCart,,,,2022-10-18 23:45:43,2022-10-18 23:45:44,1.674s,PASSED
"response = sendRequest(findTestObject(""Cart/Cart_GetASingleCart""))",,,,2022-10-18 23:45:43,2022-10-18 23:45:44,1.011s,PASSED
"verifyResponseStatusCode(response, statusCode200)",,,,2022-10-18 23:45:44,2022-10-18 23:45:44,0.016s,PASSED
,,,,,,,
Test Cases/Cart/Cart_GetAUserCart,,,,2022-10-18 23:45:44,2022-10-18 23:45:46,2.237s,PASSED
"response = sendRequest(findTestObject(""Cart/Cart_GetAUserCart""))",,,,2022-10-18 23:45:45,2022-10-18 23:45:46,1.523s,PASSED
"verifyResponseStatusCode(response, statusCode200)",,,,2022-10-18 23:45:46,2022-10-18 23:45:46,0.016s,PASSED
,,,,,,,
Test Cases/Cart/Cart_UpdateACart,,,,2022-10-18 23:45:46,2022-10-18 23:45:48,1.282s,PASSED
"response = sendRequest(findTestObject(""Cart/Cart_DeleteACart""))",,,,2022-10-18 23:45:47,2022-10-18 23:45:48,0.851s,PASSED
"verifyResponseStatusCode(response, statusCode200)",,,,2022-10-18 23:45:48,2022-10-18 23:45:48,0.016s,PASSED
