Suite/Test/Step Name,Browser,Description,Tag,Start time,End time,Duration,Status
User_TestSuite,,,,2022-10-19 00:26:14,2022-10-19 00:26:28,14.397s,PASSED
,,,,,,,
Test Cases/User/User_DeleteAUsers,,,,2022-10-19 00:26:15,2022-10-19 00:26:21,6.740s,PASSED
"response = sendRequest(findTestObject(""User/User_DeleteAUsers""))",,,,2022-10-19 00:26:15,2022-10-19 00:26:21,5.418s,PASSED
"verifyResponseStatusCode(response, statusCode200)",,,,2022-10-19 00:26:21,2022-10-19 00:26:21,0.391s,PASSED
,,,,,,,
Test Cases/User/User_GetAllUsers,,,,2022-10-19 00:26:21,2022-10-19 00:26:23,1.890s,PASSED
"response = sendRequest(findTestObject(""User/User_GetAllUsers""))",,,,2022-10-19 00:26:22,2022-10-19 00:26:23,1.273s,PASSED
"verifyResponseStatusCode(response, statusCode200)",,,,2022-10-19 00:26:23,2022-10-19 00:26:23,0.008s,PASSED
,,,,,,,
Test Cases/User/User_GetASingleUsers,,,,2022-10-19 00:26:23,2022-10-19 00:26:25,1.488s,PASSED
"response = sendRequest(findTestObject(""Products/Product_GetASingleProduct""))",,,,2022-10-19 00:26:24,2022-10-19 00:26:25,0.732s,PASSED
"verifyResponseStatusCode(response, statusCode200)",,,,2022-10-19 00:26:25,2022-10-19 00:26:25,0.008s,PASSED
,,,,,,,
Test Cases/User/User_SortResults,,,,2022-10-19 00:26:25,2022-10-19 00:26:26,1.777s,PASSED
"response = sendRequest(findTestObject(""User/User_SortResults""))",,,,2022-10-19 00:26:25,2022-10-19 00:26:26,1.164s,PASSED
"verifyResponseStatusCode(response, statusCode200)",,,,2022-10-19 00:26:26,2022-10-19 00:26:26,0.016s,PASSED
,,,,,,,
Test Cases/User/User_UpdateAUsers,,,,2022-10-19 00:26:27,2022-10-19 00:26:28,1.824s,PASSED
"response = sendRequest(findTestObject(""User/User_UpdateAUsers""))",,,,2022-10-19 00:26:27,2022-10-19 00:26:28,1.136s,PASSED
"verifyResponseStatusCode(response, statusCode200)",,,,2022-10-19 00:26:28,2022-10-19 00:26:28,0.016s,PASSED
