Suite/Test/Step Name,Browser,Description,Tag,Start time,End time,Duration,Status
Products_TestCase,,,,2022-10-18 22:25:55,2022-10-18 22:26:03,8.262s,PASSED
,,,,,,,
Test Cases/Products/Product_DeleteAProduct,,,,2022-10-18 22:25:55,2022-10-18 22:25:58,3.362s,PASSED
"response = sendRequest(findTestObject(""Products/Product_DeleteAProduct""))",,,,2022-10-18 22:25:56,2022-10-18 22:25:58,2.776s,PASSED
"verifyResponseStatusCode(response, statusCode200)",,,,2022-10-18 22:25:58,2022-10-18 22:25:58,0.177s,PASSED
,,,,,,,
Test Cases/Products/Product_GetAllProduct,,,,2022-10-18 22:25:58,2022-10-18 22:26:00,1.216s,PASSED
"response = sendRequest(findTestObject(""Products/Product_GetAllProduct""))",,,,2022-10-18 22:25:59,2022-10-18 22:26:00,0.941s,PASSED
"verifyResponseStatusCode(response, statusCode200)",,,,2022-10-18 22:26:00,2022-10-18 22:26:00,0.006s,PASSED
,,,,,,,
Test Cases/Products/Product_GetASingleProduct,,,,2022-10-18 22:26:00,2022-10-18 22:26:01,1.177s,PASSED
"response = sendRequest(findTestObject(""Products/Product_GetASingleProduct""))",,,,2022-10-18 22:26:00,2022-10-18 22:26:01,0.868s,PASSED
"verifyResponseStatusCode(response, statusCode200)",,,,2022-10-18 22:26:01,2022-10-18 22:26:01,0.006s,PASSED
,,,,,,,
Test Cases/Products/Product_SortResults,,,,2022-10-18 22:26:01,2022-10-18 22:26:02,0.946s,PASSED
"response = sendRequest(findTestObject(""Products/Product_SortResults""))",,,,2022-10-18 22:26:01,2022-10-18 22:26:02,0.661s,PASSED
"verifyResponseStatusCode(response, statusCode200)",,,,2022-10-18 22:26:02,2022-10-18 22:26:02,0.006s,PASSED
,,,,,,,
Test Cases/Products/Product_UpdateAProduct,,,,2022-10-18 22:26:02,2022-10-18 22:26:03,1.265s,PASSED
"response = sendRequest(findTestObject(""Products/Product_UpdateAProduct""))",,,,2022-10-18 22:26:02,2022-10-18 22:26:03,0.980s,PASSED
"verifyResponseStatusCode(response, statusCode200)",,,,2022-10-18 22:26:03,2022-10-18 22:26:03,0.003s,PASSED
