Suite/Test/Step Name,Browser,Description,Tag,Start time,End time,Duration,Status
Products_TestSuite,,,,2022-10-18 22:28:04,2022-10-18 22:28:11,7.441s,PASSED
,,,,,,,
Test Cases/Products/Product_DeleteAProduct,,,,2022-10-18 22:28:04,2022-10-18 22:28:07,3.256s,PASSED
"response = sendRequest(findTestObject(""Products/Product_DeleteAProduct""))",,,,2022-10-18 22:28:05,2022-10-18 22:28:07,2.611s,PASSED
"verifyResponseStatusCode(response, statusCode200)",,,,2022-10-18 22:28:07,2022-10-18 22:28:07,0.179s,PASSED
,,,,,,,
Test Cases/Products/Product_GetAllProduct,,,,2022-10-18 22:28:07,2022-10-18 22:28:08,0.937s,PASSED
"response = sendRequest(findTestObject(""Products/Product_GetAllProduct""))",,,,2022-10-18 22:28:08,2022-10-18 22:28:08,0.668s,PASSED
"verifyResponseStatusCode(response, statusCode200)",,,,2022-10-18 22:28:08,2022-10-18 22:28:08,0.002s,PASSED
,,,,,,,
Test Cases/Products/Product_GetASingleProduct,,,,2022-10-18 22:28:08,2022-10-18 22:28:09,0.999s,PASSED
"response = sendRequest(findTestObject(""Products/Product_GetASingleProduct""))",,,,2022-10-18 22:28:09,2022-10-18 22:28:09,0.689s,PASSED
"verifyResponseStatusCode(response, statusCode200)",,,,2022-10-18 22:28:09,2022-10-18 22:28:09,0.007s,PASSED
,,,,,,,
Test Cases/Products/Product_SortResults,,,,2022-10-18 22:28:09,2022-10-18 22:28:10,0.915s,PASSED
"response = sendRequest(findTestObject(""Products/Product_SortResults""))",,,,2022-10-18 22:28:10,2022-10-18 22:28:10,0.646s,PASSED
"verifyResponseStatusCode(response, statusCode200)",,,,2022-10-18 22:28:10,2022-10-18 22:28:10,0.007s,PASSED
,,,,,,,
Test Cases/Products/Product_UpdateAProduct,,,,2022-10-18 22:28:10,2022-10-18 22:28:11,1.007s,PASSED
"response = sendRequest(findTestObject(""Products/Product_UpdateAProduct""))",,,,2022-10-18 22:28:11,2022-10-18 22:28:11,0.700s,PASSED
"verifyResponseStatusCode(response, statusCode200)",,,,2022-10-18 22:28:11,2022-10-18 22:28:11,0.004s,PASSED
