Suite/Test/Step Name,Browser,Description,Tag,Start time,End time,Duration,Status
Cart_TestSuite,,,,2022-10-18 23:45:01,2022-10-18 23:45:15,14.023s,PASSED
,,,,,,,
Test Cases/Cart/Cart_DeleteACart,,,,2022-10-18 23:45:02,2022-10-18 23:45:08,6.303s,PASSED
"response = sendRequest(findTestObject(""Cart/Cart_UpdateACart""))",,,,2022-10-18 23:45:03,2022-10-18 23:45:08,4.930s,PASSED
"verifyResponseStatusCode(response, statusCode200)",,,,2022-10-18 23:45:08,2022-10-18 23:45:08,0.403s,PASSED
,,,,,,,
Test Cases/Cart/Cart_GetAllCarts,,,,2022-10-18 23:45:08,2022-10-18 23:45:10,1.900s,PASSED
"response = sendRequest(findTestObject(""Cart/Cart_GetAllCarts""))",,,,2022-10-18 23:45:09,2022-10-18 23:45:10,1.254s,PASSED
"verifyResponseStatusCode(response, statusCode200)",,,,2022-10-18 23:45:10,2022-10-18 23:45:10,0.015s,PASSED
,,,,,,,
Test Cases/Cart/Cart_GetASingleCart,,,,2022-10-18 23:45:10,2022-10-18 23:45:12,1.938s,PASSED
"response = sendRequest(findTestObject(""Cart/Cart_GetASingleCart""))",,,,2022-10-18 23:45:11,2022-10-18 23:45:12,1.224s,PASSED
"verifyResponseStatusCode(response, statusCode200)",,,,2022-10-18 23:45:12,2022-10-18 23:45:12,0.000s,PASSED
,,,,,,,
Test Cases/Cart/Cart_GetAUserCart,,,,2022-10-18 23:45:12,2022-10-18 23:45:14,1.476s,PASSED
"response = sendRequest(findTestObject(""Cart/Cart_GetAUserCart""))",,,,2022-10-18 23:45:12,2022-10-18 23:45:14,1.088s,PASSED
"verifyResponseStatusCode(response, statusCode200)",,,,2022-10-18 23:45:14,2022-10-18 23:45:14,0.016s,PASSED
,,,,,,,
Test Cases/Cart/Cart_UpdateACart,,,,2022-10-18 23:45:14,2022-10-18 23:45:15,1.713s,PASSED
"response = sendRequest(findTestObject(""Cart/Cart_DeleteACart""))",,,,2022-10-18 23:45:14,2022-10-18 23:45:15,1.300s,PASSED
"verifyResponseStatusCode(response, statusCode200)",,,,2022-10-18 23:45:15,2022-10-18 23:45:15,0.016s,PASSED
